"source","term_name","term_id","highlighted","adjusted_p_value","negative_log10_of_adjusted_p_value","term_size","query_size","intersection_size","effective_domain_size","intersections"
"GO:BP","heart contraction","GO:0060047","true","0.00003190639747672615","4.496122228846344","190","499","22","16268","RNF207,CACNA1G,AGT,CYP2J2,SCN4A,NPPA,PKP2,SCN2A,CSRP3,TGFB2,HSPB7,GJA1,KCNJ3,CTNNA3,CLIC2,TRDN,SCN3A,CASQ2,AGTR2,ABCC9,CAV3,MYLK2"
"GO:BP","heart process","GO:0003015","false","0.000047313029570965325","4.32501924210516","195","499","22","16268","RNF207,CACNA1G,AGT,CYP2J2,SCN4A,NPPA,PKP2,SCN2A,CSRP3,TGFB2,HSPB7,GJA1,KCNJ3,CTNNA3,CLIC2,TRDN,SCN3A,CASQ2,AGTR2,ABCC9,CAV3,MYLK2"
"GO:BP","striated muscle contraction","GO:0006941","false","0.000053570990467484116","4.271070323935405","151","499","19","16268","RNF207,CACNA1G,SCN4A,NPPA,PKP2,SCN2A,SMPX,CSRP3,RYR3,GJA1,KCNJ3,CTNNA3,CLIC2,LMOD3,SCN3A,CASQ2,CAV3,MYLK2,KLHL41"
"GO:BP","regulation of heart contraction","GO:0008016","false","0.00048346605056381214","3.3156340170731378","161","499","18","16268","RNF207,CACNA1G,AGT,CYP2J2,NPPA,PKP2,CSRP3,TGFB2,HSPB7,GJA1,KCNJ3,CTNNA3,CLIC2,TRDN,CASQ2,AGTR2,ABCC9,CAV3"
"GO:BP","cardiac muscle contraction","GO:0060048","false","0.0005988070591797101","3.222713088514817","118","499","15","16268","RNF207,CACNA1G,SCN4A,NPPA,PKP2,SCN2A,CSRP3,GJA1,KCNJ3,CTNNA3,CLIC2,SCN3A,CASQ2,CAV3,MYLK2"
"GO:BP","regulation of blood circulation","GO:1903522","false","0.0008950815268628465","3.0481374059643827","187","499","19","16268","F2R,RNF207,CACNA1G,AGT,CYP2J2,NPPA,PKP2,CSRP3,TGFB2,HSPB7,GJA1,KCNJ3,CTNNA3,CLIC2,TRDN,CASQ2,AGTR2,ABCC9,CAV3"
"GO:BP","cGMP-mediated signaling","GO:0019934","true","0.0009291653277407496","3.031907004480726","24","499","7","16268","AGT,NPPA,PDE11A,APOE,AGTR2,PDE2A,HTR2B"
"GO:BP","actin-mediated cell contraction","GO:0070252","false","0.0010299688163190302","2.987175923941025","95","499","13","16268","EPDR1,RNF207,CACNA1G,SCN4A,PKP2,SCN2A,GJA1,KCNJ3,CTNNA3,SCN3A,MYH2,CAV3,MYLK2"
"GO:BP","cardiac muscle cell action potential involved in contraction","GO:0086002","false","0.0011664131010826811","2.9331476110288768","57","499","10","16268","RNF207,CACNA1G,SCN4A,PKP2,SCN2A,GJA1,KCNJ3,CTNNA3,SCN3A,CAV3"
"GO:BP","regulation of smooth muscle cell proliferation","GO:0048660","false","0.0019086346272417104","2.719277201286746","88","499","12","16268","EFEMP2,ID2,NR4A3,CDKN1A,P2RY6,APOE,IGFBP5,GJA1,RBPMS2,MEF2C,ELN,FOXP1"
"GO:BP","positive regulation of integrin-mediated signaling pathway","GO:2001046","true","0.002077201632074516","2.682521344848078","12","499","5","16268","NID1,LOXL3,LAMA1,LAMB1,LAMC1"
"GO:BP","heart morphogenesis","GO:0003007","false","0.002165994925915417","2.6643425650927464","170","499","17","16268","RNF207,LEFTY1,SNAI1,PITX2,PKP2,FOLR1,TGFB2,NRP2,MEF2C,TBX6,FOXF1,ADPRHL1,ELN,MYLK2,CLDN5,HTR2B,SOX18"
"GO:BP","smooth muscle cell proliferation","GO:0048659","false","0.002165994925915417","2.6643425650927464","90","499","12","16268","EFEMP2,ID2,NR4A3,CDKN1A,P2RY6,APOE,IGFBP5,GJA1,RBPMS2,MEF2C,ELN,FOXP1"
"GO:BP","embryonic digestive tract development","GO:0048566","true","0.0023268815237261703","2.6332257288326737","20","499","6","16268","RARRES2,ID2,TGFB2,RBPMS2,PKDCC,FOXF1"
"GO:BP","positive regulation of epithelial cell proliferation","GO:0050679","false","0.0023268815237261703","2.6332257288326737","138","499","15","16268","CCL11,ECM1,IGF2,C5AR1,NR4A3,SCG2,PLXNB3,EGF,PPP1R16B,LAMB1,NRP2,FGF7,PKHD1,HTR2B,LAMC1"
"GO:BP","epithelial tube morphogenesis","GO:0060562","false","0.002577597354264295","2.5887849226996114","157","499","16","16268","RHOB,RNF207,AGT,SEMA3E,STARD13,KLHL3,FOLR1,TGFB2,EGF,MEF2C,TBX6,PRICKLE1,PKHD1,FOXP1,COL4A1,SOX18"
"GO:BP","myofibril assembly","GO:0030239","false","0.002577597354264295","2.5887849226996114","65","499","10","16268","MYOM2,MYBPC2,CSRP3,PGM5,MYBPC1,LMOD3,ADPRHL1,CAV3,KLHL41,MYOM3"
"GO:BP","neuron projection guidance","GO:0097485","false","0.003015651231346389","2.5206188872917386","160","499","16","16268","DRAXIN,NFIB,SEMA3G,EFNB2,NTN3,EFNA2,SEMA3E,KIF21A,L1CAM,SEMA3D,EPHA3,NRP2,FEZ1,SEMA3B,UNC5D,UNC5A"
"GO:BP","regulation of muscle cell differentiation","GO:0051147","false","0.003015651231346389","2.5206188872917386","95","499","12","16268","NID1,EFEMP2,EFNB2,ID2,IGF2,LAMA1,HDAC9,LAMB1,RBPMS2,LMOD3,MEF2C,LAMC1"
"GO:BP","axon guidance","GO:0007411","false","0.003015651231346389","2.5206188872917386","160","499","16","16268","DRAXIN,NFIB,SEMA3G,EFNB2,NTN3,EFNA2,SEMA3E,KIF21A,L1CAM,SEMA3D,EPHA3,NRP2,FEZ1,SEMA3B,UNC5D,UNC5A"
"GO:BP","neural crest cell differentiation","GO:0014033","false","0.004227714862975618","2.3738943112444923","57","499","9","16268","SEMA3G,SEMA3E,KBTBD8,PITX2,SEMA3D,FOLR1,MEF2C,SEMA3B,HTR2B"
"GO:BP","actin filament-based movement","GO:0030048","false","0.004309006276443861","2.3656228733233404","116","499","13","16268","EPDR1,RNF207,CACNA1G,SCN4A,PKP2,SCN2A,GJA1,KCNJ3,CTNNA3,SCN3A,MYH2,CAV3,MYLK2"
"GO:BP","cardiac muscle cell contraction","GO:0086003","false","0.004313754383126134","2.365144586421633","71","499","10","16268","RNF207,CACNA1G,SCN4A,PKP2,SCN2A,GJA1,KCNJ3,CTNNA3,SCN3A,CAV3"
"GO:BP","regulation of muscle system process","GO:0090257","false","0.0056036048348842744","2.2515324986682566","154","499","15","16268","F2R,RNF207,AGT,FBXO32,SCN4A,NPPA,PKP2,NR4A3,TRIM63,CTNNA3,CLIC2,CASQ2,CACNG1,CAV3,MYLK2"
"GO:BP","muscle cell proliferation","GO:0033002","false","0.0056036048348842744","2.2515324986682566","120","499","13","16268","EFEMP2,ID2,NR4A3,CDKN1A,P2RY6,APOE,TGFB2,IGFBP5,GJA1,RBPMS2,MEF2C,ELN,FOXP1"
"GO:BP","mesenchymal cell migration","GO:0090497","false","0.006247928468461515","2.2042639512706854","36","499","7","16268","SEMA3G,SEMA3E,PITX2,SEMA3D,FOLR1,SEMA3B,HTR2B"
"GO:BP","neural crest cell migration","GO:0001755","false","0.006247928468461515","2.2042639512706854","36","499","7","16268","SEMA3G,SEMA3E,PITX2,SEMA3D,FOLR1,SEMA3B,HTR2B"
"GO:BP","positive regulation of muscle cell differentiation","GO:0051149","false","0.007112337262910814","2.1479876575569277","49","499","8","16268","NID1,EFEMP2,EFNB2,LAMA1,LAMB1,LMOD3,MEF2C,LAMC1"
"GO:BP","neural crest cell development","GO:0014032","false","0.008028717943183656","2.0953537990119377","50","499","8","16268","SEMA3G,SEMA3E,KBTBD8,PITX2,SEMA3D,FOLR1,SEMA3B,HTR2B"
"GO:BP","cardiac muscle cell action potential","GO:0086001","false","0.009772353683470816","2.010000823319552","80","499","10","16268","RNF207,CACNA1G,SCN4A,PKP2,SCN2A,GJA1,KCNJ3,CTNNA3,SCN3A,CAV3"
"GO:BP","stem cell development","GO:0048864","false","0.010139173504611562","1.993997445102853","52","499","8","16268","SEMA3G,SEMA3E,KBTBD8,PITX2,SEMA3D,FOLR1,SEMA3B,HTR2B"
"GO:BP","vascular associated smooth muscle cell proliferation","GO:1990874","false","0.010907446704137045","1.962276900381549","40","499","7","16268","EFEMP2,NR4A3,CDKN1A,P2RY6,IGFBP5,GJA1,MEF2C"
"GO:BP","regulation of vascular associated smooth muscle cell proliferation","GO:1904705","false","0.010907446704137045","1.962276900381549","40","499","7","16268","EFEMP2,NR4A3,CDKN1A,P2RY6,IGFBP5,GJA1,MEF2C"
"GO:BP","regulation of behavior","GO:0050795","false","0.012092404458668356","1.9174873352595025","41","499","7","16268","PTGDS,NR4A3,APOE,MC4R,CHRNB2,MEF2C,HTR2B"
"GO:BP","regulation of integrin-mediated signaling pathway","GO:2001044","false","0.012092404458668356","1.9174873352595025","19","499","5","16268","NID1,LOXL3,LAMA1,LAMB1,LAMC1"
"GO:BP","cell communication involved in cardiac conduction","GO:0086065","false","0.012092404458668356","1.9174873352595025","54","499","8","16268","RNF207,CACNA1G,PKP2,GJA1,KCNJ3,CTNNA3,TRDN,CASQ2"
"GO:BP","regulation of basement membrane organization","GO:0110011","false","0.013046712638780128","1.8844989030910866","11","499","4","16268","NID1,LAMA1,LAMB1,LAMC1"
"GO:BP","action potential","GO:0001508","false","0.014730657283485814","1.8317778744593152","136","499","13","16268","KCNC1,RNF207,CACNA1G,SCN4A,PKP2,SCN2A,GJA1,CNTNAP1,KCNJ3,CTNNA3,SCN3A,CHRNB2,CAV3"
"GO:BP","outflow tract morphogenesis","GO:0003151","false","0.01481562567717411","1.8292800031507592","56","499","8","16268","PITX2,FOLR1,TGFB2,NRP2,MEF2C,ELN,CLDN5,SOX18"
"GO:BP","cell-cell signaling involved in cardiac conduction","GO:0086019","false","0.015580394051389878","1.8074215625697398","31","499","6","16268","RNF207,CACNA1G,PKP2,GJA1,KCNJ3,CASQ2"
"GO:BP","cellular anatomical entity morphogenesis","GO:0032989","false","0.016837019952012467","1.7737347734613305","104","499","11","16268","MYOM2,MYBPC2,CSRP3,PGM5,MYBPC1,CNTNAP1,LMOD3,ADPRHL1,CAV3,KLHL41,MYOM3"
"GO:BP","cellular component assembly involved in morphogenesis","GO:0010927","false","0.016837019952012467","1.7737347734613305","104","499","11","16268","MYOM2,MYBPC2,CSRP3,PGM5,MYBPC1,CNTNAP1,LMOD3,ADPRHL1,CAV3,KLHL41,MYOM3"
"GO:BP","basement membrane organization","GO:0071711","false","0.017404468070485464","1.759339245438188","21","499","5","16268","NID1,LAMA1,LAMB1,COL4A1,LAMC1"
"GO:BP","endothelial cell migration","GO:0043542","false","0.018338300679880223","1.736640910734897","197","499","16","16268","RHOB,AGT,EFNB2,STARD13,APOE,SCG2,EGF,ADGRB1,HDAC9,NRP2,MEF2C,SRPX2,CARD10,AGTR2,FOXP1,SOX18"
"GO:BP","cardiac conduction","GO:0061337","false","0.018339865618111746","1.7366038508648174","89","499","10","16268","RNF207,CACNA1G,AGT,PKP2,GJA1,KCNJ3,CTNNA3,TRDN,CASQ2,ABCC9"
"GO:BP","positive regulation of endothelial cell proliferation","GO:0001938","false","0.019537495588000563","1.709131107046063","74","499","9","16268","CCL11,ECM1,IGF2,SCG2,PLXNB3,EGF,PPP1R16B,NRP2,HTR2B"
"GO:BP","muscle cell development","GO:0055001","false","0.0197926859428717","1.7034952663789635","124","499","12","16268","EFEMP2,MYOM2,MYBPC2,CSRP3,PGM5,MYBPC1,HDAC9,LMOD3,ADPRHL1,CAV3,KLHL41,MYOM3"
"GO:BP","response to purine-containing compound","GO:0014074","true","0.021004193186047158","1.6776939959435206","75","499","9","16268","AANAT,DMTN,P2RY6,RYR3,IGFBP5,NT5E,CASQ2,ABCC9,PDE2A"
"GO:BP","striated muscle cell development","GO:0055002","false","0.02273013014039805","1.6433980777332367","109","499","11","16268","MYOM2,MYBPC2,CSRP3,PGM5,MYBPC1,HDAC9,LMOD3,ADPRHL1,CAV3,KLHL41,MYOM3"
"GO:BP","vascular process in circulatory system","GO:0003018","false","0.029763387269384486","1.526317644742746","188","499","15","16268","KLF2,F2R,AGT,NPR1,FLVCR2,SLC22A5,APOE,SLC7A8,SLC38A5,CPS1,AGTR2,ABCC9,PDE2A,CLDN5,HTR2B"
"GO:BP","sarcoplasmic reticulum calcium ion transport","GO:0070296","true","0.030222146572136725","1.5196746925010904","36","499","6","16268","RYR3,DHRS7C,CLIC2,TRDN,CASQ2,MRLN"
"GO:BP","establishment of mitotic spindle localization","GO:0040001","true","0.03425598661570717","1.4652635197345287","37","499","6","16268","SAPCD2,NUSAP1,NDE1,MISP,GJA1,PKHD1"
"GO:BP","positive regulation of smooth muscle cell proliferation","GO:0048661","false","0.03517177643139931","1.4538056960882089","51","499","7","16268","ID2,NR4A3,P2RY6,IGFBP5,GJA1,RBPMS2,FOXP1"
"GO:BP","regulation of muscle contraction","GO:0006937","false","0.03517177643139931","1.4538056960882089","116","499","11","16268","F2R,RNF207,SCN4A,NPPA,PKP2,CTNNA3,CLIC2,CASQ2,CACNG1,CAV3,MYLK2"
"GO:BP","response to stimulus involved in regulation of muscle adaptation","GO:0014874","true","0.03527485686739003","1.452534739779959","7","499","3","16268","AGT,FBXO32,TRIM63"
"GO:BP","roof of mouth development","GO:0060021","false","0.03570614893071222","1.4472569879010602","38","499","6","16268","LEF1,LOXL3,TGFB2,PKDCC,SCHIP1,CLDN5"
"GO:BP","response to organophosphorus","GO:0046683","true","0.03610769759335019","1.4424002034696688","67","499","8","16268","AANAT,DMTN,P2RY6,RYR3,IGFBP5,NT5E,ABCC9,PDE2A"
"GO:BP","regulation of endothelial cell proliferation","GO:0001936","false","0.036646802353033","1.435963914092923","118","499","11","16268","CCL11,ECM1,IGF2,APOE,SCG2,PLXNB3,EGF,PPP1R16B,NRP2,MEF2C,HTR2B"
"GO:BP","regulation of endothelial cell migration","GO:0010594","false","0.03783269173174698","1.4221327582933738","156","499","13","16268","RHOB,AGT,STARD13,APOE,EGF,ADGRB1,HDAC9,NRP2,MEF2C,SRPX2,CARD10,AGTR2,FOXP1"
"GO:BP","ameboidal-type cell migration","GO:0001667","false","0.04129963935293888","1.3840537407821565","158","499","13","16268","FERMT1,SEMA3G,DMTN,SEMA3E,PITX2,SEMA3D,FOLR1,TGFB2,GJA1,SCHIP1,FGF7,SEMA3B,HTR2B"
"GO:BP","sarcomere organization","GO:0045214","false","0.043491355088717785","1.3615970605254144","40","499","6","16268","MYOM2,MYBPC2,CSRP3,MYBPC1,CAV3,MYOM3"
"GO:BP","striated muscle cell differentiation","GO:0051146","false","0.04427728533967795","1.3538190137675405","180","499","14","16268","EFNB2,MYOM2,MYBPC2,CSRP3,PGM5,MYBPC1,ADGRB1,HDAC9,LMOD3,MEF2C,ADPRHL1,CAV3,KLHL41,MYOM3"
"GO:BP","signal release from synapse","GO:0099643","false","0.04427728533967795","1.3538190137675405","104","499","10","16268","PRRT2,PCLO,RIMS3,SNPH,FER1L5,SYT7,DOC2B,SYN2,MEF2C,NRXN2"
"GO:BP","neurotransmitter secretion","GO:0007269","true","0.04427728533967795","1.3538190137675405","104","499","10","16268","PRRT2,PCLO,RIMS3,SNPH,FER1L5,SYT7,DOC2B,SYN2,MEF2C,NRXN2"
"GO:BP","establishment of spindle localization","GO:0051293","false","0.04536843545562884","1.3432461972537733","55","499","7","16268","SAPCD2,NUSAP1,NDE1,MISP,SKA2,GJA1,PKHD1"
"GO:BP","establishment of centrosome localization","GO:0051660","true","0.046102169481998335","1.3362786370422137","8","499","3","16268","MISP,PARD3B,PKHD1"
"GO:BP","elastic fiber assembly","GO:0048251","true","0.046102169481998335","1.3362786370422137","8","499","3","16268","EFEMP2,LTBP4,FBLN5"
"GO:BP","establishment of spindle orientation","GO:0051294","false","0.04668885882517884","1.3307867410185301","41","499","6","16268","SAPCD2,NDE1,MISP,SKA2,GJA1,PKHD1"
"GO:BP","vitamin biosynthetic process","GO:0009110","true","0.048123666009931565","1.3176412959780983","17","499","4","16268","SNAI1,BCO1,TPK1,CYP27A1"
"GO:BP","G protein-coupled receptor signaling pathway, coupled to cyclic nucleotide second messenger","GO:0007187","false","0.04853762408702232","1.3139214861653874","56","499","7","16268","AGT,CALCRL,SSTR5,HRH1,SSTR2,AGTR2,HTR2B"
"GO:BP","neuropeptide signaling pathway","GO:0007218","true","0.04939305723657731","1.306334091880898","72","499","8","16268","GPR37,NPPA,SSTR5,NXPH4,MCHR1,SORCS1,SSTR2,NTS"
"GO:BP","cardiocyte differentiation","GO:0035051","false","0.0498517047687897","1.3023199856167393","89","499","9","16268","EFNB2,PITX2,CSRP3,FOLR1,TGFB2,MEF2C,PRICKLE1,ADPRHL1,SOX18"
"REAC","Regulation of Insulin-like Growth Factor (IGF) transport and uptake by Insulin-like Growth Factor Binding Proteins (IGFBPs)","REAC:R-HSA-381426","false","0.011522485442250855","1.9384538318998288","124","336","14","11004","IGFBP2,TNC,MXRA8,IGF2,VWA1,TF,APOE,SCG2,IGFBP5,CHGB,LAMB1,CALU,NOTUM,LAMC1"
"REAC","ECM proteoglycans","REAC:R-HSA-3000178","false","0.02335845633319237","1.6315558613938927","76","336","10","11004","TNC,COL9A3,LAMA5,LUM,LAMA1,TGFB2,LAMB1,ITGB6,COL4A1,LAMC1"
"REAC","Post-translational protein phosphorylation","REAC:R-HSA-8957275","false","0.02335845633319237","1.6315558613938927","107","336","12","11004","TNC,MXRA8,VWA1,TF,APOE,SCG2,IGFBP5,CHGB,LAMB1,CALU,NOTUM,LAMC1"
"REAC","Laminin interactions","REAC:R-HSA-3000157","false","0.03892714013742552","1.4097475014490062","30","336","6","11004","NID1,LAMA5,LAMA1,LAMB1,COL4A1,LAMC1"
"REAC","Degradation of the extracellular matrix","REAC:R-HSA-1474228","false","0.041037742754491444","1.3868165352312476","140","336","13","11004","NID1,COL9A3,COL13A1,LAMA5,CTSV,COL26A1,MMP25,LAMB1,A2M,TLL2,ELN,COL4A1,LAMC1"
"REAC","Elastic fibre formation","REAC:R-HSA-1566948","false","0.041037742754491444","1.3868165352312476","44","336","7","11004","EFEMP2,LTBP4,FBLN5,LOXL3,TGFB2,ITGB6,ELN"
